point_index,timestamp_utc,status,setpoints_json,measurements_json,trace_name,trace_points,trace_peak_dbm
0,2026-10-04T15:38:06.347816+00:00,ok,"{""keithley.A.current"": 0.0002, ""keithley.B.current"": -0.08, ""moke_box.vout0.voltage"": 0.0}","{""keithley.A.compliance_detected"": 0.0, ""keithley.A.compliance_stop_required"": 0.0, ""keithley.A.current_a"": 0.0002, ""keithley.A.measurement_path_connected"": 1.0, ""keithley.A.output_enabled"": 1.0, ""keithley.A.power_w"": 4.0000000000000003e-07, ""keithley.A.voltage_v"": 0.002, ""keithley.B.compliance_detected"": 1.0, ""keithley.B.compliance_stop_required"": 0.0, ""keithley.B.current_a"": -0.002, ""keithley.B.measurement_path_connected"": 1.0, ""keithley.B.output_enabled"": 1.0, ""keithley.B.power_w"": 4e-05, ""keithley.B.voltage_v"": -0.02, ""moke_box.hall1_raw_ad7734"": 8391743.0, ""moke_box.hall1_stddev_v"": 0.0, ""moke_box.hall1_voltage_v"": 0.0037372116729273404, ""moke_box.vout_voltage_v"": 0.0}",TRAC1,101,-43.489706
1,2026-10-04T15:38:06.542290+00:00,ok,"{""keithley.A.current"": 0.0008, ""keithley.B.current"": -0.08, ""moke_box.vout0.voltage"": 0.0}","{""keithley.A.compliance_detected"": 0.0, ""keithley.A.compliance_stop_required"": 0.0, ""keithley.A.current_a"": 0.0008, ""keithley.A.measurement_path_connected"": 1.0, ""keithley.A.output_enabled"": 1.0, ""keithley.A.power_w"": 6.4000000000000006e-06, ""keithley.A.voltage_v"": 0.008, ""keithley.B.compliance_detected"": 1.0, ""keithley.B.compliance_stop_required"": 0.0, ""keithley.B.current_a"": -0.002, ""keithley.B.measurement_path_connected"": 1.0, ""keithley.B.output_enabled"": 1.0, ""keithley.B.power_w"": 4e-05, ""keithley.B.voltage_v"": -0.02, ""moke_box.hall1_raw_ad7734"": 8391765.0, ""moke_box.hall1_stddev_v"": 0.0, ""moke_box.hall1_voltage_v"": 0.0037634377197549008}",TRAC1,101,-43.691756
2,2026-10-04T15:38:06.628689+00:00,ok,"{""keithley.A.current"": 0.0014, ""keithley.B.current"": -0.08, ""moke_box.vout0.voltage"": 0.0}","{""keithley.A.compliance_detected"": 0.0, ""keithley.A.compliance_stop_required"": 0.0, ""keithley.A.current_a"": 0.0014, ""keithley.A.measurement_path_connected"": 1.0, ""keithley.A.output_enabled"": 1.0, ""keithley.A.power_w"": 1.96e-05, ""keithley.A.voltage_v"": 0.014, ""keithley.B.compliance_detected"": 1.0, ""keithley.B.compliance_stop_required"": 0.0, ""keithley.B.current_a"": -0.002, ""keithley.B.measurement_path_connected"": 1.0, ""keithley.B.output_enabled"": 1.0, ""keithley.B.power_w"": 4e-05, ""keithley.B.voltage_v"": -0.02, ""moke_box.hall1_raw_ad7734"": 8391774.0, ""moke_box.hall1_stddev_v"": 0.0, ""moke_box.hall1_voltage_v"": 0.0037741665570934484}",TRAC1,101,-43.92046
3,2026-10-04T15:38:06.718946+00:00,ok,"{""keithley.A.current"": 0.0002, ""keithley.B.current"": 0.0, ""moke_box.vout0.voltage"": 0.0}","{""keithley.A.compliance_detected"": 0.0, ""keithley.A.compliance_stop_required"": 0.0, ""keithley.A.current_a"": 0.0002, ""keithley.A.measurement_path_connected"": 1.0, ""keithley.A.output_enabled"": 1.0, ""keithley.A.power_w"": 4.0000000000000003e-07, ""keithley.A.voltage_v"": 0.002, ""keithley.B.compliance_detected"": 0.0, ""keithley.B.compliance_stop_required"": 0.0, ""keithley.B.current_a"": 0.0, ""keithley.B.measurement_path_connected"": 1.0, ""keithley.B.output_enabled"": 1.0, ""keithley.B.power_w"": 0.0, ""keithley.B.voltage_v"": 0.0, ""moke_box.hall1_raw_ad7734"": 8391761.0, ""moke_box.hall1_stddev_v"": 0.0, ""moke_box.hall1_voltage_v"": 0.0037586693476044353}",TRAC1,101,-44.171157
4,2026-10-04T15:38:06.795325+00:00,ok,"{""keithley.A.current"": 0.0008, ""keithley.B.current"": 0.0, ""moke_box.vout0.voltage"": 0.0}","{""keithley.A.compliance_detected"": 0.0, ""keithley.A.compliance_stop_required"": 0.0, ""keithley.A.current_a"": 0.0008, ""keithley.A.measurement_path_connected"": 1.0, ""keithley.A.output_enabled"": 1.0, ""keithley.A.power_w"": 6.4000000000000006e-06, ""keithley.A.voltage_v"": 0.008, ""keithley.B.compliance_detected"": 0.0, ""keithley.B.compliance_stop_required"": 0.0, ""keithley.B.current_a"": 0.0, ""keithley.B.measurement_path_connected"": 1.0, ""keithley.B.output_enabled"": 1.0, ""keithley.B.power_w"": 0.0, ""keithley.B.voltage_v"": 0.0, ""moke_box.hall1_raw_ad7734"": 8391735.0, ""moke_box.hall1_stddev_v"": 0.0, ""moke_box.hall1_voltage_v"": 0.0037276749286264095}",TRAC1,101,-44.43874100000001
5,2026-10-04T15:38:06.877275+00:00,ok,"{""keithley.A.current"": 0.0014, ""keithley.B.current"": 0.0, ""moke_box.vout0.voltage"": 0.0}","{""keithley.A.compliance_detected"": 0.0, ""keithley.A.compliance_stop_required"": 0.0, ""keithley.A.current_a"": 0.0014, ""keithley.A.measurement_path_connected"": 1.0, ""keithley.A.output_enabled"": 1.0, ""keithley.A.power_w"": 1.96e-05, ""keithley.A.voltage_v"": 0.014, ""keithley.B.compliance_detected"": 0.0, ""keithley.B.compliance_stop_required"": 0.0, ""keithley.B.current_a"": 0.0, ""keithley.B.measurement_path_connected"": 1.0, ""keithley.B.output_enabled"": 1.0, ""keithley.B.power_w"": 0.0, ""keithley.B.voltage_v"": 0.0, ""moke_box.hall1_raw_ad7734"": 8391743.0, ""moke_box.hall1_stddev_v"": 0.0, ""moke_box.hall1_voltage_v"": 0.0037372116729273404}",TRAC1,101,-44.71776
6,2026-10-04T15:38:06.953159+00:00,ok,"{""keithley.A.current"": 0.0002, ""keithley.B.current"": 0.08, ""moke_box.vout0.voltage"": 0.0}","{""keithley.A.compliance_detected"": 0.0, ""keithley.A.compliance_stop_required"": 0.0, ""keithley.A.current_a"": 0.0002, ""keithley.A.measurement_path_connected"": 1.0, ""keithley.A.output_enabled"": 1.0, ""keithley.A.power_w"": 4.0000000000000003e-07, ""keithley.A.voltage_v"": 0.002, ""keithley.B.compliance_detected"": 1.0, ""keithley.B.compliance_stop_required"": 0.0, ""keithley.B.current_a"": 0.002, ""keithley.B.measurement_path_connected"": 1.0, ""keithley.B.output_enabled"": 1.0, ""keithley.B.power_w"": 4e-05, ""keithley.B.voltage_v"": 0.02, ""moke_box.hall1_raw_ad7734"": 8391741.0, ""moke_box.hall1_stddev_v"": 0.0, ""moke_box.hall1_voltage_v"": 0.0037348274868521077}",TRAC1,101,-45.002529
7,2026-10-04T15:38:07.022420+00:00,ok,"{""keithley.A.current"": 0.0008, ""keithley.B.current"": 0.08, ""moke_box.vout0.voltage"": 0.0}","{""keithley.A.compliance_detected"": 0.0, ""keithley.A.compliance_stop_required"": 0.0, ""keithley.A.current_a"": 0.0008, ""keithley.A.measurement_path_connected"": 1.0, ""keithley.A.output_enabled"": 1.0, ""keithley.A.power_w"": 6.4000000000000006e-06, ""keithley.A.voltage_v"": 0.008, ""keithley.B.compliance_detected"": 1.0, ""keithley.B.compliance_stop_required"": 0.0, ""keithley.B.current_a"": 0.002, ""keithley.B.measurement_path_connected"": 1.0, ""keithley.B.output_enabled"": 1.0, ""keithley.B.power_w"": 4e-05, ""keithley.B.voltage_v"": 0.02, ""moke_box.hall1_raw_ad7734"": 8391753.0, ""moke_box.hall1_stddev_v"": 0.0, ""moke_box.hall1_voltage_v"": 0.0037491326033035044}",TRAC1,101,-45.287246
8,2026-10-04T15:38:07.090436+00:00,ok,"{""keithley.A.current"": 0.0014, ""keithley.B.current"": 0.08, ""moke_box.vout0.voltage"": 0.0}","{""keithley.A.compliance_detected"": 0.0, ""keithley.A.compliance_stop_required"": 0.0, ""keithley.A.current_a"": 0.0014, ""keithley.A.measurement_path_connected"": 1.0, ""keithley.A.output_enabled"": 1.0, ""keithley.A.power_w"": 1.96e-05, ""keithley.A.voltage_v"": 0.014, ""keithley.B.compliance_detected"": 1.0, ""keithley.B.compliance_stop_required"": 0.0, ""keithley.B.current_a"": 0.002, ""keithley.B.measurement_path_connected"": 1.0, ""keithley.B.output_enabled"": 1.0, ""keithley.B.power_w"": 4e-05, ""keithley.B.voltage_v"": 0.02, ""moke_box.hall1_raw_ad7734"": 8391751.0, ""moke_box.hall1_stddev_v"": 0.0, ""moke_box.hall1_voltage_v"": 0.0037467484172282717}",TRAC1,101,-45.566112
9,2026-10-04T15:38:07.169995+00:00,ok,"{""keithley.A.current"": 0.0002, ""keithley.B.current"": -0.08, ""moke_box.vout0.voltage"": 0.09949034089175085}","{""keithley.A.compliance_detected"": 0.0, ""keithley.A.compliance_stop_required"": 0.0, ""keithley.A.current_a"": 0.0002, ""keithley.A.measurement_path_connected"": 1.0, ""keithley.A.output_enabled"": 1.0, ""keithley.A.power_w"": 4.0000000000000003e-07, ""keithley.A.voltage_v"": 0.002, ""keithley.B.compliance_detected"": 1.0, ""keithley.B.compliance_stop_required"": 0.0, ""keithley.B.current_a"": -0.002, ""keithley.B.measurement_path_connected"": 1.0, ""keithley.B.output_enabled"": 1.0, ""keithley.B.power_w"": 4e-05, ""keithley.B.voltage_v"": -0.02, ""moke_box.hall1_raw_ad7734"": 8433499.0, ""moke_box.hall1_stddev_v"": 0.0, ""moke_box.hall1_voltage_v"": 0.053514248551636764, ""moke_box.vout_voltage_v"": 0.09949034089175085}",TRAC1,101,-45.833443
10,2026-10-04T15:38:07.237215+00:00,ok,"{""keithley.A.current"": 0.0008, ""keithley.B.current"": -0.08, ""moke_box.vout0.voltage"": 0.09949034089175085}","{""keithley.A.compliance_detected"": 0.0, ""keithley.A.compliance_stop_required"": 0.0, ""keithley.A.current_a"": 0.0008, ""keithley.A.measurement_path_connected"": 1.0, ""keithley.A.output_enabled"": 1.0, ""keithley.A.power_w"": 6.4000000000000006e-06, ""keithley.A.voltage_v"": 0.008, ""keithley.B.compliance_detected"": 1.0, ""keithley.B.compliance_stop_required"": 0.0, ""keithley.B.current_a"": -0.002, ""keithley.B.measurement_path_connected"": 1.0, ""keithley.B.output_enabled"": 1.0, ""keithley.B.power_w"": 4e-05, ""keithley.B.voltage_v"": -0.02, ""moke_box.hall1_raw_ad7734"": 8433505.0, ""moke_box.hall1_stddev_v"": 0.0, ""moke_box.hall1_voltage_v"": 0.05352140110986246}",TRAC1,101,-46.083794999999995
11,2026-10-04T15:38:07.313053+00:00,ok,"{""keithley.A.current"": 0.0014, ""keithley.B.current"": -0.08, ""moke_box.vout0.voltage"": 0.09949034089175085}","{""keithley.A.compliance_detected"": 0.0, ""keithley.A.compliance_stop_required"": 0.0, ""keithley.A.current_a"": 0.0014, ""keithley.A.measurement_path_connected"": 1.0, ""keithley.A.output_enabled"": 1.0, ""keithley.A.power_w"": 1.96e-05, ""keithley.A.voltage_v"": 0.014, ""keithley.B.compliance_detected"": 1.0, ""keithley.B.compliance_stop_required"": 0.0, ""keithley.B.current_a"": -0.002, ""keithley.B.measurement_path_connected"": 1.0, ""keithley.B.output_enabled"": 1.0, ""keithley.B.power_w"": 4e-05, ""keithley.B.voltage_v"": -0.02, ""moke_box.hall1_raw_ad7734"": 8433505.0, ""moke_box.hall1_stddev_v"": 0.0, ""moke_box.hall1_voltage_v"": 0.05352140110986246}",TRAC1,101,-46.312066
12,2026-10-04T15:38:07.383379+00:00,ok,"{""keithley.A.current"": 0.0002, ""keithley.B.current"": 0.0, ""moke_box.vout0.voltage"": 0.09949034089175085}","{""keithley.A.compliance_detected"": 0.0, ""keithley.A.compliance_stop_required"": 0.0, ""keithley.A.current_a"": 0.0002, ""keithley.A.measurement_path_connected"": 1.0, ""keithley.A.output_enabled"": 1.0, ""keithley.A.power_w"": 4.0000000000000003e-07, ""keithley.A.voltage_v"": 0.002, ""keithley.B.compliance_detected"": 0.0, ""keithley.B.compliance_stop_required"": 0.0, ""keithley.B.current_a"": 0.0, ""keithley.B.measurement_path_connected"": 1.0, ""keithley.B.output_enabled"": 1.0, ""keithley.B.power_w"": 0.0, ""keithley.B.voltage_v"": 0.0, ""moke_box.hall1_raw_ad7734"": 8433504.0, ""moke_box.hall1_stddev_v"": 0.0, ""moke_box.hall1_voltage_v"": 0.053520209016824846}",TRAC1,101,-46.513605
13,2026-10-04T15:38:07.453746+00:00,ok,"{""keithley.A.current"": 0.0008, ""keithley.B.current"": 0.0, ""moke_box.vout0.voltage"": 0.09949034089175085}","{""keithley.A.compliance_detected"": 0.0, ""keithley.A.compliance_stop_required"": 0.0, ""keithley.A.current_a"": 0.0008, ""keithley.A.measurement_path_connected"": 1.0, ""keithley.A.output_enabled"": 1.0, ""keithley.A.power_w"": 6.4000000000000006e-06, ""keithley.A.voltage_v"": 0.008, ""keithley.B.compliance_detected"": 0.0, ""keithley.B.compliance_stop_required"": 0.0, ""keithley.B.current_a"": 0.0, ""keithley.B.measurement_path_connected"": 1.0, ""keithley.B.output_enabled"": 1.0, ""keithley.B.power_w"": 0.0, ""keithley.B.voltage_v"": 0.0, ""moke_box.hall1_raw_ad7734"": 8433504.0, ""moke_box.hall1_stddev_v"": 0.0, ""moke_box.hall1_voltage_v"": 0.053520209016824846}",TRAC1,101,-46.684307000000004
14,2026-10-04T15:38:07.526055+00:00,ok,"{""keithley.A.current"": 0.0014, ""keithley.B.current"": 0.0, ""moke_box.vout0.voltage"": 0.09949034089175085}","{""keithley.A.compliance_detected"": 0.0, ""keithley.A.compliance_stop_required"": 0.0, ""keithley.A.current_a"": 0.0014, ""keithley.A.measurement_path_connected"": 1.0, ""keithley.A.output_enabled"": 1.0, ""keithley.A.power_w"": 1.96e-05, ""keithley.A.voltage_v"": 0.014, ""keithley.B.compliance_detected"": 0.0, ""keithley.B.compliance_stop_required"": 0.0, ""keithley.B.current_a"": 0.0, ""keithley.B.measurement_path_connected"": 1.0, ""keithley.B.output_enabled"": 1.0, ""keithley.B.power_w"": 0.0, ""keithley.B.voltage_v"": 0.0, ""moke_box.hall1_raw_ad7734"": 8433503.0, ""moke_box.hall1_stddev_v"": 0.0, ""moke_box.hall1_voltage_v"": 0.05351901692378723}",TRAC1,101,-46.820694
15,2026-10-04T15:38:07.595613+00:00,ok,"{""keithley.A.current"": 0.0002, ""keithley.B.current"": 0.08, ""moke_box.vout0.voltage"": 0.09949034089175085}","{""keithley.A.compliance_detected"": 0.0, ""keithley.A.compliance_stop_required"": 0.0, ""keithley.A.current_a"": 0.0002, ""keithley.A.measurement_path_connected"": 1.0, ""keithley.A.output_enabled"": 1.0, ""keithley.A.power_w"": 4.0000000000000003e-07, ""keithley.A.voltage_v"": 0.002, ""keithley.B.compliance_detected"": 1.0, ""keithley.B.compliance_stop_required"": 0.0, ""keithley.B.current_a"": 0.002, ""keithley.B.measurement_path_connected"": 1.0, ""keithley.B.output_enabled"": 1.0, ""keithley.B.power_w"": 4e-05, ""keithley.B.voltage_v"": 0.02, ""moke_box.hall1_raw_ad7734"": 8433504.0, ""moke_box.hall1_stddev_v"": 0.0, ""moke_box.hall1_voltage_v"": 0.053520209016824846}",TRAC1,101,-46.919987
16,2026-10-04T15:38:07.666154+00:00,ok,"{""keithley.A.current"": 0.0008, ""keithley.B.current"": 0.08, ""moke_box.vout0.voltage"": 0.09949034089175085}","{""keithley.A.compliance_detected"": 0.0, ""keithley.A.compliance_stop_required"": 0.0, ""keithley.A.current_a"": 0.0008, ""keithley.A.measurement_path_connected"": 1.0, ""keithley.A.output_enabled"": 1.0, ""keithley.A.power_w"": 6.4000000000000006e-06, ""keithley.A.voltage_v"": 0.008, ""keithley.B.compliance_detected"": 1.0, ""keithley.B.compliance_stop_required"": 0.0, ""keithley.B.current_a"": 0.002, ""keithley.B.measurement_path_connected"": 1.0, ""keithley.B.output_enabled"": 1.0, ""keithley.B.power_w"": 4e-05, ""keithley.B.voltage_v"": 0.02, ""moke_box.hall1_raw_ad7734"": 8433513.0, ""moke_box.hall1_stddev_v"": 0.0, ""moke_box.hall1_voltage_v"": 0.05353093785416339}",TRAC1,101,-46.980163
17,2026-10-04T15:38:07.738590+00:00,ok,"{""keithley.A.current"": 0.0014, ""keithley.B.current"": 0.08, ""moke_box.vout0.voltage"": 0.09949034089175085}","{""keithley.A.compliance_detected"": 0.0, ""keithley.A.compliance_stop_required"": 0.0, ""keithley.A.current_a"": 0.0014, ""keithley.A.measurement_path_connected"": 1.0, ""keithley.A.output_enabled"": 1.0, ""keithley.A.power_w"": 1.96e-05, ""keithley.A.voltage_v"": 0.014, ""keithley.B.compliance_detected"": 1.0, ""keithley.B.compliance_stop_required"": 0.0, ""keithley.B.current_a"": 0.002, ""keithley.B.measurement_path_connected"": 1.0, ""keithley.B.output_enabled"": 1.0, ""keithley.B.power_w"": 4e-05, ""keithley.B.voltage_v"": 0.02, ""moke_box.hall1_raw_ad7734"": 8433508.0, ""moke_box.hall1_stddev_v"": 0.0, ""moke_box.hall1_voltage_v"": 0.05352497738897531}",TRAC1,101,-46.999995999999996
